{"_wandb":{"runtime":836},"_runtime":836,"val/loss":1.7600524425506592,"iter":2000,"train/loss":0.9483568072319031,"mfu":10.584155871199886,"_timestamp":1.7672368203472366e+09,"_step":1,"lr":0.0006}