{"_timestamp":1.767237953408053e+09,"mfu":10.570407036821573,"train/loss":0.9395869374275208,"_wandb":{"runtime":859},"_step":40,"iter":2000,"val/loss":1.7344696521759033,"lr":0.0006,"_runtime":859}